--
-- PostgreSQL database dump
--

-- Dumped from database version 13.1
-- Dumped by pg_dump version 13.1

SET statement_timeout = 0;
SET lock_timeout = 0;
SET idle_in_transaction_session_timeout = 0;
SET client_encoding = 'UTF8';
SET standard_conforming_strings = on;
SELECT pg_catalog.set_config('search_path', '', false);
SET check_function_bodies = false;
SET xmloption = content;
SET client_min_messages = warning;
SET row_security = off;

--
-- Name: international_firm; Type: DATABASE; Schema: -; Owner: postgres
--

CREATE DATABASE international_firm WITH TEMPLATE = template0 ENCODING = 'UTF8' LOCALE = 'Russian_Russia.1251';


ALTER DATABASE international_firm OWNER TO postgres;

\connect international_firm

SET statement_timeout = 0;
SET lock_timeout = 0;
SET idle_in_transaction_session_timeout = 0;
SET client_encoding = 'UTF8';
SET standard_conforming_strings = on;
SELECT pg_catalog.set_config('search_path', '', false);
SET check_function_bodies = false;
SET xmloption = content;
SET client_min_messages = warning;
SET row_security = off;

SET default_tablespace = '';

SET default_table_access_method = heap;

--
-- Name: Заказ; Type: TABLE; Schema: public; Owner: postgres
--

CREATE TABLE public."Заказ" (
    "ID_Заказ" integer NOT NULL,
    "ID_Филиал" integer NOT NULL,
    "ID_Заказчик" integer NOT NULL
);


ALTER TABLE public."Заказ" OWNER TO postgres;

--
-- Name: Заказ-Товар; Type: TABLE; Schema: public; Owner: postgres
--

CREATE TABLE public."Заказ-Товар" (
    "ID_Запись" integer NOT NULL,
    "ID_Заказ" integer NOT NULL,
    "ID_Товар" integer NOT NULL,
    "Количество" integer NOT NULL
);


ALTER TABLE public."Заказ-Товар" OWNER TO postgres;

--
-- Name: Заказ-Товар_ID_Запись_seq; Type: SEQUENCE; Schema: public; Owner: postgres
--

ALTER TABLE public."Заказ-Товар" ALTER COLUMN "ID_Запись" ADD GENERATED BY DEFAULT AS IDENTITY (
    SEQUENCE NAME public."Заказ-Товар_ID_Запись_seq"
    START WITH 1
    INCREMENT BY 1
    NO MINVALUE
    NO MAXVALUE
    CACHE 1
);


--
-- Name: Заказ_ID_Заказ_seq; Type: SEQUENCE; Schema: public; Owner: postgres
--

ALTER TABLE public."Заказ" ALTER COLUMN "ID_Заказ" ADD GENERATED BY DEFAULT AS IDENTITY (
    SEQUENCE NAME public."Заказ_ID_Заказ_seq"
    START WITH 1
    INCREMENT BY 1
    NO MINVALUE
    NO MAXVALUE
    CACHE 1
);


--
-- Name: Заказчик; Type: TABLE; Schema: public; Owner: postgres
--

CREATE TABLE public."Заказчик" (
    "ID_Заказчик" integer NOT NULL,
    "Название" character varying(35) NOT NULL,
    "ID_Страна" integer
);


ALTER TABLE public."Заказчик" OWNER TO postgres;

--
-- Name: Заказчик_ID_Заказчик_seq; Type: SEQUENCE; Schema: public; Owner: postgres
--

ALTER TABLE public."Заказчик" ALTER COLUMN "ID_Заказчик" ADD GENERATED BY DEFAULT AS IDENTITY (
    SEQUENCE NAME public."Заказчик_ID_Заказчик_seq"
    START WITH 1
    INCREMENT BY 1
    NO MINVALUE
    NO MAXVALUE
    CACHE 1
);


--
-- Name: Страна; Type: TABLE; Schema: public; Owner: postgres
--

CREATE TABLE public."Страна" (
    "ID_Страна" integer NOT NULL,
    "Название" character varying(35) NOT NULL
);


ALTER TABLE public."Страна" OWNER TO postgres;

--
-- Name: Страна_ID_Страна_seq; Type: SEQUENCE; Schema: public; Owner: postgres
--

ALTER TABLE public."Страна" ALTER COLUMN "ID_Страна" ADD GENERATED BY DEFAULT AS IDENTITY (
    SEQUENCE NAME public."Страна_ID_Страна_seq"
    START WITH 1
    INCREMENT BY 1
    NO MINVALUE
    NO MAXVALUE
    CACHE 1
);


--
-- Name: Товар; Type: TABLE; Schema: public; Owner: postgres
--

CREATE TABLE public."Товар" (
    "ID_Товар" integer NOT NULL,
    "Название" character varying(30) NOT NULL
);


ALTER TABLE public."Товар" OWNER TO postgres;

--
-- Name: Товар_ID_Товар_seq; Type: SEQUENCE; Schema: public; Owner: postgres
--

ALTER TABLE public."Товар" ALTER COLUMN "ID_Товар" ADD GENERATED BY DEFAULT AS IDENTITY (
    SEQUENCE NAME public."Товар_ID_Товар_seq"
    START WITH 1
    INCREMENT BY 1
    NO MINVALUE
    NO MAXVALUE
    CACHE 1
);


--
-- Name: Филиал; Type: TABLE; Schema: public; Owner: postgres
--

CREATE TABLE public."Филиал" (
    "ID_Филиал" integer NOT NULL,
    "Название" character varying(40) NOT NULL,
    "ID_Страна" integer NOT NULL
);


ALTER TABLE public."Филиал" OWNER TO postgres;

--
-- Name: Филиал_ID_Филиал_seq; Type: SEQUENCE; Schema: public; Owner: postgres
--

ALTER TABLE public."Филиал" ALTER COLUMN "ID_Филиал" ADD GENERATED BY DEFAULT AS IDENTITY (
    SEQUENCE NAME public."Филиал_ID_Филиал_seq"
    START WITH 1
    INCREMENT BY 1
    NO MINVALUE
    NO MAXVALUE
    CACHE 1
);


--
-- Data for Name: Заказ; Type: TABLE DATA; Schema: public; Owner: postgres
--

INSERT INTO public."Заказ" VALUES (1, 1, 7);
INSERT INTO public."Заказ" VALUES (2, 5, 8);
INSERT INTO public."Заказ" VALUES (3, 5, 6);
INSERT INTO public."Заказ" VALUES (4, 5, 9);
INSERT INTO public."Заказ" VALUES (5, 7, 4);
INSERT INTO public."Заказ" VALUES (6, 4, 1);
INSERT INTO public."Заказ" VALUES (7, 2, 3);
INSERT INTO public."Заказ" VALUES (8, 5, 8);
INSERT INTO public."Заказ" VALUES (9, 2, 8);


--
-- Data for Name: Заказ-Товар; Type: TABLE DATA; Schema: public; Owner: postgres
--

INSERT INTO public."Заказ-Товар" VALUES (1, 1, 1, 5);
INSERT INTO public."Заказ-Товар" VALUES (2, 2, 1, 10);
INSERT INTO public."Заказ-Товар" VALUES (3, 2, 2, 10);
INSERT INTO public."Заказ-Товар" VALUES (5, 3, 5, 15);
INSERT INTO public."Заказ-Товар" VALUES (9, 5, 4, 20);
INSERT INTO public."Заказ-Товар" VALUES (10, 5, 2, 10);
INSERT INTO public."Заказ-Товар" VALUES (11, 6, 3, 5);
INSERT INTO public."Заказ-Товар" VALUES (12, 7, 6, 8);
INSERT INTO public."Заказ-Товар" VALUES (7, 4, 4, 2);
INSERT INTO public."Заказ-Товар" VALUES (4, 2, 3, 5);
INSERT INTO public."Заказ-Товар" VALUES (6, 3, 6, 15);
INSERT INTO public."Заказ-Товар" VALUES (14, 8, 4, 25);
INSERT INTO public."Заказ-Товар" VALUES (15, 8, 5, 10);
INSERT INTO public."Заказ-Товар" VALUES (16, 8, 6, 5);
INSERT INTO public."Заказ-Товар" VALUES (8, 4, 7, 3);
INSERT INTO public."Заказ-Товар" VALUES (13, 7, 7, 10);
INSERT INTO public."Заказ-Товар" VALUES (17, 9, 7, 3);


--
-- Data for Name: Заказчик; Type: TABLE DATA; Schema: public; Owner: postgres
--

INSERT INTO public."Заказчик" VALUES (1, 'Intel', 4);
INSERT INTO public."Заказчик" VALUES (2, 'Sony', 12);
INSERT INTO public."Заказчик" VALUES (3, 'APC', 10);
INSERT INTO public."Заказчик" VALUES (4, 'ARM', 11);
INSERT INTO public."Заказчик" VALUES (5, 'TSMC', 6);
INSERT INTO public."Заказчик" VALUES (6, 'Газпром', 3);
INSERT INTO public."Заказчик" VALUES (7, 'Hydro', 1);
INSERT INTO public."Заказчик" VALUES (8, 'Лукойл', 3);
INSERT INTO public."Заказчик" VALUES (9, 'Яндекс', 3);
INSERT INTO public."Заказчик" VALUES (10, 'DeWalt', 10);
INSERT INTO public."Заказчик" VALUES (11, 'Crucial', 4);


--
-- Data for Name: Страна; Type: TABLE DATA; Schema: public; Owner: postgres
--

INSERT INTO public."Страна" VALUES (1, 'Норвегия');
INSERT INTO public."Страна" VALUES (2, 'Швеция');
INSERT INTO public."Страна" VALUES (3, 'Россия');
INSERT INTO public."Страна" VALUES (4, 'США');
INSERT INTO public."Страна" VALUES (5, 'Канада');
INSERT INTO public."Страна" VALUES (6, 'Китай');
INSERT INTO public."Страна" VALUES (7, 'Сингапур');
INSERT INTO public."Страна" VALUES (8, 'Австралия');
INSERT INTO public."Страна" VALUES (9, 'Франция');
INSERT INTO public."Страна" VALUES (10, 'Германия');
INSERT INTO public."Страна" VALUES (11, 'Великобритания');
INSERT INTO public."Страна" VALUES (12, 'Япония');
INSERT INTO public."Страна" VALUES (13, 'Мексика');


--
-- Data for Name: Товар; Type: TABLE DATA; Schema: public; Owner: postgres
--

INSERT INTO public."Товар" VALUES (1, 'Монитор');
INSERT INTO public."Товар" VALUES (2, 'Компьютер');
INSERT INTO public."Товар" VALUES (3, 'Принтер');
INSERT INTO public."Товар" VALUES (4, 'Стол');
INSERT INTO public."Товар" VALUES (5, 'Стул');
INSERT INTO public."Товар" VALUES (6, 'Шкаф');
INSERT INTO public."Товар" VALUES (7, 'Кресло');


--
-- Data for Name: Филиал; Type: TABLE DATA; Schema: public; Owner: postgres
--

INSERT INTO public."Филиал" VALUES (1, 'Скандинавский', 1);
INSERT INTO public."Филиал" VALUES (2, 'Европейский', 10);
INSERT INTO public."Филиал" VALUES (3, 'Азиатский', 6);
INSERT INTO public."Филиал" VALUES (4, 'Американский', 4);
INSERT INTO public."Филиал" VALUES (5, 'Российский', 3);
INSERT INTO public."Филиал" VALUES (6, 'Австралийский', 8);
INSERT INTO public."Филиал" VALUES (7, 'Английский', 11);


--
-- Name: Заказ-Товар_ID_Запись_seq; Type: SEQUENCE SET; Schema: public; Owner: postgres
--

SELECT pg_catalog.setval('public."Заказ-Товар_ID_Запись_seq"', 17, true);


--
-- Name: Заказ_ID_Заказ_seq; Type: SEQUENCE SET; Schema: public; Owner: postgres
--

SELECT pg_catalog.setval('public."Заказ_ID_Заказ_seq"', 9, true);


--
-- Name: Заказчик_ID_Заказчик_seq; Type: SEQUENCE SET; Schema: public; Owner: postgres
--

SELECT pg_catalog.setval('public."Заказчик_ID_Заказчик_seq"', 11, true);


--
-- Name: Страна_ID_Страна_seq; Type: SEQUENCE SET; Schema: public; Owner: postgres
--

SELECT pg_catalog.setval('public."Страна_ID_Страна_seq"', 13, true);


--
-- Name: Товар_ID_Товар_seq; Type: SEQUENCE SET; Schema: public; Owner: postgres
--

SELECT pg_catalog.setval('public."Товар_ID_Товар_seq"', 7, true);


--
-- Name: Филиал_ID_Филиал_seq; Type: SEQUENCE SET; Schema: public; Owner: postgres
--

SELECT pg_catalog.setval('public."Филиал_ID_Филиал_seq"', 14, true);


--
-- Name: Заказ-Товар Заказ-Товар_pkey; Type: CONSTRAINT; Schema: public; Owner: postgres
--

ALTER TABLE ONLY public."Заказ-Товар"
    ADD CONSTRAINT "Заказ-Товар_pkey" PRIMARY KEY ("ID_Запись");


--
-- Name: Заказ Заказ_pkey; Type: CONSTRAINT; Schema: public; Owner: postgres
--

ALTER TABLE ONLY public."Заказ"
    ADD CONSTRAINT "Заказ_pkey" PRIMARY KEY ("ID_Заказ");


--
-- Name: Заказчик Заказчик_pkey; Type: CONSTRAINT; Schema: public; Owner: postgres
--

ALTER TABLE ONLY public."Заказчик"
    ADD CONSTRAINT "Заказчик_pkey" PRIMARY KEY ("ID_Заказчик");


--
-- Name: Страна Страна_pkey; Type: CONSTRAINT; Schema: public; Owner: postgres
--

ALTER TABLE ONLY public."Страна"
    ADD CONSTRAINT "Страна_pkey" PRIMARY KEY ("ID_Страна");


--
-- Name: Товар Товар_pkey; Type: CONSTRAINT; Schema: public; Owner: postgres
--

ALTER TABLE ONLY public."Товар"
    ADD CONSTRAINT "Товар_pkey" PRIMARY KEY ("ID_Товар");


--
-- Name: Филиал Филиал_pkey; Type: CONSTRAINT; Schema: public; Owner: postgres
--

ALTER TABLE ONLY public."Филиал"
    ADD CONSTRAINT "Филиал_pkey" PRIMARY KEY ("ID_Филиал");


--
-- Name: Заказ-Товар Заказ-Товар_ID_Заказ_fkey; Type: FK CONSTRAINT; Schema: public; Owner: postgres
--

ALTER TABLE ONLY public."Заказ-Товар"
    ADD CONSTRAINT "Заказ-Товар_ID_Заказ_fkey" FOREIGN KEY ("ID_Заказ") REFERENCES public."Заказ"("ID_Заказ") NOT VALID;


--
-- Name: Заказ-Товар Заказ-Товар_ID_Товар_fkey; Type: FK CONSTRAINT; Schema: public; Owner: postgres
--

ALTER TABLE ONLY public."Заказ-Товар"
    ADD CONSTRAINT "Заказ-Товар_ID_Товар_fkey" FOREIGN KEY ("ID_Товар") REFERENCES public."Товар"("ID_Товар") NOT VALID;


--
-- Name: Заказ Заказ_ID_Заказчик_fkey; Type: FK CONSTRAINT; Schema: public; Owner: postgres
--

ALTER TABLE ONLY public."Заказ"
    ADD CONSTRAINT "Заказ_ID_Заказчик_fkey" FOREIGN KEY ("ID_Заказчик") REFERENCES public."Заказчик"("ID_Заказчик") NOT VALID;


--
-- Name: Заказ Заказ_ID_Филиал_fkey; Type: FK CONSTRAINT; Schema: public; Owner: postgres
--

ALTER TABLE ONLY public."Заказ"
    ADD CONSTRAINT "Заказ_ID_Филиал_fkey" FOREIGN KEY ("ID_Филиал") REFERENCES public."Филиал"("ID_Филиал") NOT VALID;


--
-- Name: Заказчик Заказчик_ID_Страна_fkey; Type: FK CONSTRAINT; Schema: public; Owner: postgres
--

ALTER TABLE ONLY public."Заказчик"
    ADD CONSTRAINT "Заказчик_ID_Страна_fkey" FOREIGN KEY ("ID_Страна") REFERENCES public."Страна"("ID_Страна") NOT VALID;


--
-- Name: Филиал Филиал_ID_Страна_fkey; Type: FK CONSTRAINT; Schema: public; Owner: postgres
--

ALTER TABLE ONLY public."Филиал"
    ADD CONSTRAINT "Филиал_ID_Страна_fkey" FOREIGN KEY ("ID_Страна") REFERENCES public."Страна"("ID_Страна") NOT VALID;


--
-- PostgreSQL database dump complete
--

