CREATE DATABASE zoopark
    WITH 
    OWNER = postgres
    ENCODING = 'UTF8'
    LC_COLLATE = 'Russian_Russia.1251'
    LC_CTYPE = 'Russian_Russia.1251'
    TABLESPACE = pg_default
    CONNECTION LIMIT = -1;

--
-- Name: Вид; Type: TABLE; Schema: public; Owner: postgres
--

CREATE TABLE public."Вид" (
    "ID_Вид" integer NOT NULL,
    "Название" character varying(40) NOT NULL
);


--
-- Name: Вид_ID_Вид_seq; Type: SEQUENCE; Schema: public; Owner: postgres
--

ALTER TABLE public."Вид" ALTER COLUMN "ID_Вид" ADD GENERATED ALWAYS AS IDENTITY (
    SEQUENCE NAME public."Вид_ID_Вид_seq"
    START WITH 1
    INCREMENT BY 1
    NO MINVALUE
    NO MAXVALUE
    CACHE 1
);


--
-- Name: Вольер; Type: TABLE; Schema: public; Owner: postgres
--

CREATE TABLE public."Вольер" (
    "ID_Вольер" integer NOT NULL,
    "Площадь вольера" double precision NOT NULL
);


--
-- Name: Вольер_ID_НомерВольера_seq; Type: SEQUENCE; Schema: public; Owner: postgres
--

ALTER TABLE public."Вольер" ALTER COLUMN "ID_Вольер" ADD GENERATED ALWAYS AS IDENTITY (
    SEQUENCE NAME public."Вольер_ID_НомерВольера_seq"
    START WITH 1
    INCREMENT BY 1
    NO MINVALUE
    NO MAXVALUE
    CACHE 1
);


--
-- Name: Еда; Type: TABLE; Schema: public; Owner: postgres
--

CREATE TABLE public."Еда" (
    "ID_Еда" integer NOT NULL,
    "Название" character varying(35) NOT NULL,
    "Единица измерения" character varying(8) NOT NULL
);


--
-- Name: Еда_ID_Еда_seq; Type: SEQUENCE; Schema: public; Owner: postgres
--

ALTER TABLE public."Еда" ALTER COLUMN "ID_Еда" ADD GENERATED ALWAYS AS IDENTITY (
    SEQUENCE NAME public."Еда_ID_Еда_seq"
    START WITH 1
    INCREMENT BY 1
    NO MINVALUE
    NO MAXVALUE
    CACHE 1
);


--
-- Name: Животное; Type: TABLE; Schema: public; Owner: postgres
--

CREATE TABLE public."Животное" (
    "ID_Животное" integer NOT NULL,
    "Кличка" character varying(15) NOT NULL,
    "Возраст" integer NOT NULL,
    "ID_Масть" integer NOT NULL,
    "ID_Вольер" integer NOT NULL,
    "ID_МестоОбитания" integer NOT NULL,
    "ID_Сотрудник" integer NOT NULL,
    "ID_Вид" integer NOT NULL
);


--
-- Name: Животное_ID_Животное_seq; Type: SEQUENCE; Schema: public; Owner: postgres
--

ALTER TABLE public."Животное" ALTER COLUMN "ID_Животное" ADD GENERATED BY DEFAULT AS IDENTITY (
    SEQUENCE NAME public."Животное_ID_Животное_seq"
    START WITH 1
    INCREMENT BY 1
    NO MINVALUE
    NO MAXVALUE
    CACHE 1
);


--
-- Name: Запись списка еды; Type: TABLE; Schema: public; Owner: postgres
--

CREATE TABLE public."Запись списка еды" (
    "ID_Запись" integer NOT NULL,
    "ID_Животное" integer NOT NULL,
    "ID_Еда" integer NOT NULL,
    "Количество еды" integer NOT NULL
);


--
-- Name: Запись списка еды_ID_Запись_seq; Type: SEQUENCE; Schema: public; Owner: postgres
--

ALTER TABLE public."Запись списка еды" ALTER COLUMN "ID_Запись" ADD GENERATED BY DEFAULT AS IDENTITY (
    SEQUENCE NAME public."Запись списка еды_ID_Запись_seq"
    START WITH 1
    INCREMENT BY 1
    NO MINVALUE
    NO MAXVALUE
    CACHE 1
);


--
-- Name: Масть; Type: TABLE; Schema: public; Owner: postgres
--

CREATE TABLE public."Масть" (
    "ID_Масть" integer NOT NULL,
    "Название" character varying(30) NOT NULL
);


--
-- Name: Масть_ID_Масть_seq; Type: SEQUENCE; Schema: public; Owner: postgres
--

ALTER TABLE public."Масть" ALTER COLUMN "ID_Масть" ADD GENERATED ALWAYS AS IDENTITY (
    SEQUENCE NAME public."Масть_ID_Масть_seq"
    START WITH 1
    INCREMENT BY 1
    NO MINVALUE
    NO MAXVALUE
    CACHE 1
);


--
-- Name: Место обитания; Type: TABLE; Schema: public; Owner: postgres
--

CREATE TABLE public."Место обитания" (
    "ID_МестоОбитания" integer NOT NULL,
    "Название места" character varying(25) NOT NULL
);


--
-- Name: МестоОбитания_ID_МестоОбитания_seq; Type: SEQUENCE; Schema: public; Owner: postgres
--

ALTER TABLE public."Место обитания" ALTER COLUMN "ID_МестоОбитания" ADD GENERATED ALWAYS AS IDENTITY (
    SEQUENCE NAME public."МестоОбитания_ID_МестоОбитания_seq"
    START WITH 1
    INCREMENT BY 1
    NO MINVALUE
    NO MAXVALUE
    CACHE 1
);


--
-- Name: Сотрудник; Type: TABLE; Schema: public; Owner: postgres
--

CREATE TABLE public."Сотрудник" (
    "ID_Сотрудник" integer NOT NULL,
    "ФИО" character varying(50) NOT NULL,
    "Адрес" character varying(50) NOT NULL,
    "Телефон" character varying(15) NOT NULL,
    "Зарплата" double precision NOT NULL
);


--
-- Name: Сотрудник_ID_Сотрудник_seq; Type: SEQUENCE; Schema: public; Owner: postgres
--

ALTER TABLE public."Сотрудник" ALTER COLUMN "ID_Сотрудник" ADD GENERATED ALWAYS AS IDENTITY (
    SEQUENCE NAME public."Сотрудник_ID_Сотрудник_seq"
    START WITH 1
    INCREMENT BY 1
    NO MINVALUE
    NO MAXVALUE
    CACHE 1
);


--
-- Data for Name: Вид; Type: TABLE DATA; Schema: public; Owner: postgres
--

INSERT INTO public."Вид" OVERRIDING SYSTEM VALUE VALUES (1, 'Лесной кот');
INSERT INTO public."Вид" OVERRIDING SYSTEM VALUE VALUES (2, 'Лев');
INSERT INTO public."Вид" OVERRIDING SYSTEM VALUE VALUES (3, 'Жираф');
INSERT INTO public."Вид" OVERRIDING SYSTEM VALUE VALUES (4, 'Зебра');
INSERT INTO public."Вид" OVERRIDING SYSTEM VALUE VALUES (5, 'Крокодил');


--
-- Data for Name: Вольер; Type: TABLE DATA; Schema: public; Owner: postgres
--

INSERT INTO public."Вольер" OVERRIDING SYSTEM VALUE VALUES (1, 35.5);
INSERT INTO public."Вольер" OVERRIDING SYSTEM VALUE VALUES (2, 28.5);
INSERT INTO public."Вольер" OVERRIDING SYSTEM VALUE VALUES (3, 17.7);
INSERT INTO public."Вольер" OVERRIDING SYSTEM VALUE VALUES (4, 24.8);


--
-- Data for Name: Еда; Type: TABLE DATA; Schema: public; Owner: postgres
--

INSERT INTO public."Еда" OVERRIDING SYSTEM VALUE VALUES (1, 'Морковь', 'шт');
INSERT INTO public."Еда" OVERRIDING SYSTEM VALUE VALUES (2, 'Вода', 'л');
INSERT INTO public."Еда" OVERRIDING SYSTEM VALUE VALUES (3, 'Сено', 'кг');
INSERT INTO public."Еда" OVERRIDING SYSTEM VALUE VALUES (4, 'Рыба', 'кг');
INSERT INTO public."Еда" OVERRIDING SYSTEM VALUE VALUES (5, 'Мясо', 'кг');
INSERT INTO public."Еда" OVERRIDING SYSTEM VALUE VALUES (6, 'Листья', 'кг');


--
-- Data for Name: Животное; Type: TABLE DATA; Schema: public; Owner: postgres
--

INSERT INTO public."Животное" VALUES (1, 'Семен', 7, 4, 1, 4, 2, 3);
INSERT INTO public."Животное" VALUES (2, 'Алекс', 5, 5, 2, 2, 1, 4);
INSERT INTO public."Животное" VALUES (3, 'Гена', 3, 2, 3, 1, 3, 5);


--
-- Data for Name: Запись списка еды; Type: TABLE DATA; Schema: public; Owner: postgres
--

INSERT INTO public."Запись списка еды" VALUES (1, 3, 5, 15);
INSERT INTO public."Запись списка еды" VALUES (2, 1, 6, 10);
INSERT INTO public."Запись списка еды" VALUES (3, 2, 6, 7);
INSERT INTO public."Запись списка еды" VALUES (4, 2, 4, 15);


--
-- Data for Name: Масть; Type: TABLE DATA; Schema: public; Owner: postgres
--

INSERT INTO public."Масть" OVERRIDING SYSTEM VALUE VALUES (1, 'Черная');
INSERT INTO public."Масть" OVERRIDING SYSTEM VALUE VALUES (2, 'Темно-коричневая');
INSERT INTO public."Масть" OVERRIDING SYSTEM VALUE VALUES (3, 'Тигровая');
INSERT INTO public."Масть" OVERRIDING SYSTEM VALUE VALUES (4, 'Рыжая');
INSERT INTO public."Масть" OVERRIDING SYSTEM VALUE VALUES (5, 'Белая');


--
-- Data for Name: Место обитания; Type: TABLE DATA; Schema: public; Owner: postgres
--

INSERT INTO public."Место обитания" OVERRIDING SYSTEM VALUE VALUES (1, 'Водное');
INSERT INTO public."Место обитания" OVERRIDING SYSTEM VALUE VALUES (2, 'Пустынное');
INSERT INTO public."Место обитания" OVERRIDING SYSTEM VALUE VALUES (3, 'Лесное');
INSERT INTO public."Место обитания" OVERRIDING SYSTEM VALUE VALUES (4, 'Луговое');
INSERT INTO public."Место обитания" OVERRIDING SYSTEM VALUE VALUES (5, 'Тундровое');


--
-- Data for Name: Сотрудник; Type: TABLE DATA; Schema: public; Owner: postgres
--

INSERT INTO public."Сотрудник" OVERRIDING SYSTEM VALUE VALUES (1, 'Зубенко Михаил Петрович', 'Ул. Пушкина, д. 10, кв. 22', '+78005553535', 25653);
INSERT INTO public."Сотрудник" OVERRIDING SYSTEM VALUE VALUES (2, 'Терентьев Михаил Павлович', 'Ул. Платонова, д. 34, кв. 8', '+79086494949', 32050);
INSERT INTO public."Сотрудник" OVERRIDING SYSTEM VALUE VALUES (3, 'Михалков Никита Сергеевич', 'Ул. Королева, д. 56, кв. 44', '+78808808806', 28560);


--
-- Name: Вид_ID_Вид_seq; Type: SEQUENCE SET; Schema: public; Owner: postgres
--

SELECT pg_catalog.setval('public."Вид_ID_Вид_seq"', 5, true);


--
-- Name: Вольер_ID_НомерВольера_seq; Type: SEQUENCE SET; Schema: public; Owner: postgres
--

SELECT pg_catalog.setval('public."Вольер_ID_НомерВольера_seq"', 4, true);


--
-- Name: Еда_ID_Еда_seq; Type: SEQUENCE SET; Schema: public; Owner: postgres
--

SELECT pg_catalog.setval('public."Еда_ID_Еда_seq"', 6, true);


--
-- Name: Животное_ID_Животное_seq; Type: SEQUENCE SET; Schema: public; Owner: postgres
--

SELECT pg_catalog.setval('public."Животное_ID_Животное_seq"', 8, true);


--
-- Name: Запись списка еды_ID_Запись_seq; Type: SEQUENCE SET; Schema: public; Owner: postgres
--

SELECT pg_catalog.setval('public."Запись списка еды_ID_Запись_seq"', 5, true);


--
-- Name: Масть_ID_Масть_seq; Type: SEQUENCE SET; Schema: public; Owner: postgres
--

SELECT pg_catalog.setval('public."Масть_ID_Масть_seq"', 5, true);


--
-- Name: МестоОбитания_ID_МестоОбитания_seq; Type: SEQUENCE SET; Schema: public; Owner: postgres
--

SELECT pg_catalog.setval('public."МестоОбитания_ID_МестоОбитания_seq"', 5, true);


--
-- Name: Сотрудник_ID_Сотрудник_seq; Type: SEQUENCE SET; Schema: public; Owner: postgres
--

SELECT pg_catalog.setval('public."Сотрудник_ID_Сотрудник_seq"', 3, true);


--
-- Name: Вид Вид_pkey; Type: CONSTRAINT; Schema: public; Owner: postgres
--

ALTER TABLE ONLY public."Вид"
    ADD CONSTRAINT "Вид_pkey" PRIMARY KEY ("ID_Вид");


--
-- Name: Вольер Вольер_pkey; Type: CONSTRAINT; Schema: public; Owner: postgres
--

ALTER TABLE ONLY public."Вольер"
    ADD CONSTRAINT "Вольер_pkey" PRIMARY KEY ("ID_Вольер");


--
-- Name: Еда Еда_pkey; Type: CONSTRAINT; Schema: public; Owner: postgres
--

ALTER TABLE ONLY public."Еда"
    ADD CONSTRAINT "Еда_pkey" PRIMARY KEY ("ID_Еда");


--
-- Name: Животное Животное_pkey; Type: CONSTRAINT; Schema: public; Owner: postgres
--

ALTER TABLE ONLY public."Животное"
    ADD CONSTRAINT "Животное_pkey" PRIMARY KEY ("ID_Животное");


--
-- Name: Запись списка еды Запись списка еды_pkey; Type: CONSTRAINT; Schema: public; Owner: postgres
--

ALTER TABLE ONLY public."Запись списка еды"
    ADD CONSTRAINT "Запись списка еды_pkey" PRIMARY KEY ("ID_Запись");


--
-- Name: Масть Масть_pkey; Type: CONSTRAINT; Schema: public; Owner: postgres
--

ALTER TABLE ONLY public."Масть"
    ADD CONSTRAINT "Масть_pkey" PRIMARY KEY ("ID_Масть");


--
-- Name: Место обитания МестоОбитания_pkey; Type: CONSTRAINT; Schema: public; Owner: postgres
--

ALTER TABLE ONLY public."Место обитания"
    ADD CONSTRAINT "МестоОбитания_pkey" PRIMARY KEY ("ID_МестоОбитания");


--
-- Name: Сотрудник Сотрудник_pkey; Type: CONSTRAINT; Schema: public; Owner: postgres
--

ALTER TABLE ONLY public."Сотрудник"
    ADD CONSTRAINT "Сотрудник_pkey" PRIMARY KEY ("ID_Сотрудник");


--
-- Name: Животное Животное_ID_Вид_fkey; Type: FK CONSTRAINT; Schema: public; Owner: postgres
--

ALTER TABLE ONLY public."Животное"
    ADD CONSTRAINT "Животное_ID_Вид_fkey" FOREIGN KEY ("ID_Вид") REFERENCES public."Вид"("ID_Вид") ON UPDATE CASCADE ON DELETE CASCADE NOT VALID;


--
-- Name: Животное Животное_ID_Вольер_fkey; Type: FK CONSTRAINT; Schema: public; Owner: postgres
--

ALTER TABLE ONLY public."Животное"
    ADD CONSTRAINT "Животное_ID_Вольер_fkey" FOREIGN KEY ("ID_Вольер") REFERENCES public."Вольер"("ID_Вольер") ON UPDATE CASCADE ON DELETE CASCADE NOT VALID;


--
-- Name: Животное Животное_ID_Масть_fkey; Type: FK CONSTRAINT; Schema: public; Owner: postgres
--

ALTER TABLE ONLY public."Животное"
    ADD CONSTRAINT "Животное_ID_Масть_fkey" FOREIGN KEY ("ID_Масть") REFERENCES public."Масть"("ID_Масть") ON UPDATE CASCADE ON DELETE CASCADE NOT VALID;


--
-- Name: Животное Животное_ID_МестоОбитания_fkey; Type: FK CONSTRAINT; Schema: public; Owner: postgres
--

ALTER TABLE ONLY public."Животное"
    ADD CONSTRAINT "Животное_ID_МестоОбитания_fkey" FOREIGN KEY ("ID_МестоОбитания") REFERENCES public."Место обитания"("ID_МестоОбитания") ON UPDATE CASCADE ON DELETE CASCADE NOT VALID;


--
-- Name: Животное Животное_ID_Сотрудник_fkey; Type: FK CONSTRAINT; Schema: public; Owner: postgres
--

ALTER TABLE ONLY public."Животное"
    ADD CONSTRAINT "Животное_ID_Сотрудник_fkey" FOREIGN KEY ("ID_Сотрудник") REFERENCES public."Сотрудник"("ID_Сотрудник") ON UPDATE CASCADE ON DELETE CASCADE NOT VALID;


--
-- Name: Запись списка еды Запись списка еды_ID_Еда_fkey; Type: FK CONSTRAINT; Schema: public; Owner: postgres
--

ALTER TABLE ONLY public."Запись списка еды"
    ADD CONSTRAINT "Запись списка еды_ID_Еда_fkey" FOREIGN KEY ("ID_Еда") REFERENCES public."Еда"("ID_Еда") ON UPDATE CASCADE ON DELETE CASCADE NOT VALID;


--
-- Name: Запись списка еды Запись списка еды_ID_Животное_fkey; Type: FK CONSTRAINT; Schema: public; Owner: postgres
--

ALTER TABLE ONLY public."Запись списка еды"
    ADD CONSTRAINT "Запись списка еды_ID_Животное_fkey" FOREIGN KEY ("ID_Животное") REFERENCES public."Животное"("ID_Животное") ON UPDATE CASCADE ON DELETE CASCADE NOT VALID;


--
-- PostgreSQL database dump complete
--

